"Date","Time (GMT)","Highest","MHHW (ft)","MHW (ft)","MSL (ft)","MTL (ft)","MLW (ft)","MLLW (ft)","Lowest (ft)","Inf"
"1981/01/01","00:00","1.466","0.315","-0.476","-2.454","-2.425","-4.373","-5.725","-6.774","0"
"1981/02/01","00:00","0.466","-0.095","-0.735","-2.756","-2.733","-4.724","-5.774","-7.034","0"
"1981/03/01","00:00","0.516","-0.413","-0.896","-2.854","-2.825","-4.744","-5.696","-6.584","0"
"1981/04/01","00:00","0.146","-0.784","-1.145","-3.153","-3.104","-5.075","-6.086","-7.084","0"
"1981/05/01","00:00","0.986","-0.354","-0.994","-3.045","-2.995","-4.993","-6.115","-7.734","0"
"1981/06/01","00:00","1.385","-0.213","-1.004","-3.045","-3.005","-5.003","-6.365","-7.794","0"
"1981/07/01","00:00","1.365","0.144","-0.666","-2.743","-2.703","-4.734","-6.086","-7.474","0"
"1981/08/01","00:00","0.586","-0.125","-0.774","-2.776","-2.766","-4.754","-5.843","-6.994","0"
"1981/09/01","00:00","0.296","-0.325","-0.764","-2.743","-2.713","-4.675","-5.495","-6.304","0"
"1981/10/01","00:00","0.666","-0.305","-0.676","-2.674","-2.635","-4.583","-5.554","-6.644","0"
"1981/11/01","00:00","1.906","0.016","-0.545","-2.605","-2.556","-4.564","-5.823","-7.365","0"
"1981/12/01","00:00","1.746","0.036","-0.696","-2.713","-2.664","-4.626","-6.125","-7.695","0"
"1982/01/01","00:00","1.686","0.197","-0.643","-2.615","-2.625","-4.603","-5.876","-7.484","0"
"1982/02/01","00:00","1.176","0.046","-0.666","-2.694","-2.674","-4.685","-5.784","-7.244","0"
"1982/03/01","00:00","1.095","0.075","-0.476","-2.444","-2.415","-4.364","-5.344","-6.494","0"
"1982/04/01","00:00","0.785","-0.404","-0.804","-2.825","-2.795","-4.774","-5.886","-6.994","0"
"1982/05/01","00:00","1.466","-0.256","-0.794","-2.805","-2.776","-4.754","-5.965","-7.195","0"
"1982/06/01","00:00","1.516","0.007","-0.745","-2.743","-2.694","-4.656","-5.955","-7.494","0"
"1982/07/01","00:00","1.466","0.026","-0.784","-2.743","-2.723","-4.665","-5.974","-7.734","0"
"1982/08/01","00:00","1.066","0.007","-0.676","-2.615","-2.585","-4.505","-5.676","-7.204","0"
"1982/09/01","00:00","1.156","0.066","-0.404","-2.365","-2.336","-4.265","-5.213","-6.144","0"
"1982/10/01","00:00","0.586","-0.095","-0.443","-2.425","-2.395","-4.344","-5.295","-6.124","0"
"1982/11/01","00:00","1.845","0.584","-0.003","-2.014","-1.965","-3.924","-5.213","-6.534","0"
"1982/12/01","00:00","1.986","0.584","-0.213","-2.313","-2.244","-4.285","-5.804","-7.465","0"
"1983/01/01","00:00","2.677","0.846","0.036","-2.014","-1.975","-3.983","-5.404","-7.224","0"
"1983/02/01","00:00","2.106","0.676","-0.066","-2.024","-2.014","-3.953","-5.066","-6.526","0"
"1983/03/01","00:00","1.916","0.305","-0.194","-2.215","-2.175","-4.144","-5.075","-6.716","0"
"1983/04/01","00:00","1.175","-0.066","-0.545","-2.484","-2.454","-4.364","-5.476","-6.096","0"
"1983/05/01","00:00","0.827","-0.105","-0.745","-2.703","-2.644","-4.544","-5.876","-7.365","0"
"1983/06/01","00:00","1.184","0.207","-0.545","-2.533","-2.474","-4.403","-5.843","-7.365","0"
"1983/07/01","00:00","1.555","0.285","-0.495","-2.464","-2.434","-4.364","-5.676","-7.556","0"
"1983/08/01","00:00","1.867","0.446","-0.315","-2.244","-2.224","-4.134","-5.233","-6.916","0"
"1983/09/01","00:00","1.706","0.545","-0.033","-2.005","-1.955","-3.875","-4.954","-6.296","0"
"1983/10/01","00:00","1.194","0.164","-0.266","-2.264","-2.215","-4.173","-5.266","-5.984","0"
"1983/11/01","00:00","1.296","0.387","-0.243","-2.283","-2.224","-4.206","-5.443","-6.873","0"
"1983/12/01","00:00","2.697","0.584","-0.325","-2.375","-2.323","-4.324","-5.823","-7.523","0"
"1984/01/01","00:00","1.296","0.266","-0.594","-2.615","-2.556","-4.514","-5.984","-7.544","0"
"1984/02/01","00:00","1.106","-0.085","-0.823","-2.776","-2.743","-4.675","-5.863","-7.635","0"
"1984/03/01","00:00","0.776","-0.404","-0.896","-2.864","-2.825","-4.744","-5.725","-6.744","0"
"1984/04/01","00:00","0.496","-0.725","-1.224","-3.196","-3.143","-5.066","-6.125","-7.014","0"
"1984/05/01","00:00","0.595","-0.413","-1.115","-3.104","-3.045","-4.964","-6.335","-7.734","0"
"1984/06/01","00:00","0.936","0.016","-0.814","-2.825","-2.766","-4.705","-6.204","-7.454","0"
"1984/07/01","00:00","1.115","0.387","-0.456","-2.474","-2.425","-4.393","-5.823","-7.215","0"
"1984/08/01","00:00","1.236","0.226","-0.476","-2.484","-2.454","-4.436","-5.525","-6.734","0"
"1984/09/01","00:00","0.996","0.256","-0.325","-2.293","-2.264","-4.206","-5.243","-6.115","0"
"1984/10/01","00:00","1.115","-0.315","-0.755","-2.713","-2.664","-4.573","-5.764","-7.004","0"
"1984/11/01","00:00","1.526","0.105","-0.495","-2.474","-2.415","-4.334","-5.696","-7.454","0"
"1984/12/01","00:00","1.256","0.187","-0.614","-2.546","-2.493","-4.373","-5.784","-7.514","0"
"1985/01/01","00:00","1.296","0.164","-0.725","-2.644","-2.615","-4.505","-5.876","-6.934","0"
"1985/02/01","00:00","0.546","-0.213","-0.955","-2.933","-2.884","-4.803","-6.115","-7.465","0"
"1985/03/01","00:00","0.595","-0.604","-1.155","-3.094","-3.074","-4.984","-6.096","-7.164","0"
"1985/04/01","00:00","0.746","-0.554","-1.014","-3.015","-2.943","-4.885","-6.106","-6.865","0"
"1985/05/01","00:00","0.896","-0.394","-1.073","-3.104","-3.045","-5.003","-6.325","-7.664","0"
"1985/06/01","00:00","1.096","0.115","-0.745","-2.756","-2.703","-4.656","-6.184","-8.064","0"
"1985/07/01","00:00","1.227","0.226","-0.666","-2.674","-2.615","-4.564","-6.086","-7.635","0"
"1985/08/01","00:00","0.866","-0.033","-0.745","-2.713","-2.674","-4.603","-5.886","-6.985","0"
"1985/09/01","00:00","0.945","0.007","-0.505","-2.434","-2.405","-4.314","-5.315","-6.335","0"
"1985/10/01","00:00","1.155","-0.233","-0.735","-2.674","-2.635","-4.534","-5.705","-6.716","0"
"1985/11/01","00:00","1.457","-0.056","-0.725","-2.694","-2.625","-4.524","-5.994","-7.684","0"
"1985/12/01","00:00","1.306","0.105","-0.705","-2.674","-2.595","-4.495","-6.096","-8.054","0"
"1986/01/01","00:00","1.184","0.256","-0.594","-2.556","-2.513","-4.426","-5.843","-7.904","0"
"1986/02/01","00:00","1.115","0.387","-0.374","-2.356","-2.313","-4.255","-5.535","-7.385","0"
"1986/03/01","00:00","1.066","0.026","-0.584","-2.575","-2.533","-4.495","-5.623","-6.575","0"
"1986/04/01","00:00","0.827","-0.374","-0.906","-2.995","-2.923","-4.944","-6.214","-7.625","0"
"1986/05/01","00:00","1.257","-0.344","-0.984","-2.943","-2.904","-4.823","-6.224","-7.854","0"
"1986/06/01","00:00","1.427","-0.125","-0.965","-2.933","-2.864","-4.774","-6.224","-7.986","0"
"1986/07/01","00:00","1.506","0.177","-0.705","-2.625","-2.575","-4.446","-5.886","-7.674","0"
"1986/08/01","00:00","NaN","0.105","-0.666","-2.585","-2.556","-4.455","-5.705","NaN","11"
"1986/09/01","00:00","0.427","-0.056","-0.594","-2.533","-2.493","-4.383","-5.495","-6.545","0"
"1986/10/01","00:00","0.774","-0.144","-0.594","-2.566","-2.503","-4.416","-5.505","-6.296","0"
"1986/11/01","00:00","1.247","0.016","-0.686","-2.684","-2.615","-4.534","-5.945","-7.146","0"
"1986/12/01","00:00","1.745","0.476","-0.404","-2.464","-2.395","-4.373","-6.014","-7.844","0"
"1987/01/01","00:00","1.647","0.226","-0.676","-2.703","-2.654","-4.636","-6.194","-7.776","0"
"1987/02/01","00:00","1.096","0.164","-0.584","-2.556","-2.503","-4.426","-5.643","-7.093","0"
"1987/03/01","00:00","0.676","-0.213","-0.764","-2.756","-2.713","-4.656","-5.676","-6.995","0"
"1987/04/01","00:00","0.495","-0.515","-1.073","-3.025","-2.966","-4.856","-6.125","-7.014","0"
"1987/05/01","00:00","1.266","-0.075","-0.784","-2.723","-2.654","-4.514","-6.004","-7.073","0"
"1987/06/01","00:00","1.296","-0.013","-0.863","-2.825","-2.756","-4.646","-6.214","-7.815","0"
"1987/07/01","00:00","1.886","0.187","-0.666","-2.615","-2.566","-4.455","-5.853","-7.493","0"
"1987/08/01","00:00","1.575","0.285","-0.525","-2.444","-2.425","-4.324","-5.486","-7.175","0"
"1987/09/01","00:00","1.037","0.056","-0.564","-2.513","-2.474","-4.383","-5.554","-6.736","0"
"1987/10/01","00:00","0.856","-0.023","-0.535","-2.493","-2.434","-4.334","-5.633","-6.624","0"
"1987/11/01","00:00","1.125","0.105","-0.584","-2.595","-2.533","-4.495","-5.823","-7.303","0"
"1987/12/01","00:00","1.516","0.295","-0.614","-2.615","-2.546","-4.485","-6.063","-8.094","0"
"1988/01/01","00:00","1.995","0.115","-0.814","-2.795","-2.743","-4.665","-6.194","-8.455","0"
"1988/02/01","00:00","0.886","-0.135","-0.906","-2.864","-2.815","-4.734","-5.965","-7.575","0"
"1988/03/01","00:00","0.427","-0.614","-1.165","-3.114","-3.064","-4.954","-6.024","-6.946","0"
"1988/04/01","00:00","0.607","-0.433","-1.014","-2.966","-2.913","-4.803","-5.955","-7.185","0"
"1988/05/01","00:00","0.607","-0.384","-1.184","-3.166","-3.094","-4.993","-6.453","-7.513","0"
"1988/06/01","00:00","0.974","-0.095","-1.004","-2.995","-2.923","-4.836","-6.404","-7.733","0"
"1988/07/01","00:00","1.335","0.217","-0.686","-2.713","-2.664","-4.646","-6.106","-7.533","0"
"1988/08/01","00:00","1.086","0.164","-0.554","-2.575","-2.533","-4.524","-5.633","-6.946","0"
"1988/09/01","00:00","0.564","-0.115","-0.735","-2.703","-2.664","-4.593","-5.696","-6.663","0"
"1988/10/01","00:00","1.096","-0.335","-0.833","-2.795","-2.733","-4.626","-5.915","-7.126","0"
"1988/11/01","00:00","1.286","-0.256","-0.935","-2.904","-2.825","-4.724","-6.165","-7.405","0"
"1988/12/01","00:00","1.306","-0.194","-1.063","-3.005","-2.933","-4.803","-6.296","-7.595","0"
"1989/01/01","00:00","0.505","-0.374","-1.306","-3.225","-3.186","-5.066","-6.463","-8.133","0"
"1989/02/01","00:00","0.554","-0.315","-1.096","-3.084","-3.064","-5.023","-6.224","-7.733","0"
"1989/03/01","00:00","0.915","-0.364","-0.984","-2.933","-2.894","-4.803","-5.965","-7.113","0"
"1989/04/01","00:00","1.007","-0.413","-0.955","-2.943","-2.874","-4.803","-6.086","-6.995","0"
"1989/05/01","00:00","1.007","-0.266","-1.033","-3.035","-2.986","-4.925","-6.283","-7.484","0"
"1989/06/01","00:00","1.286","0.085","-0.833","-2.825","-2.785","-4.724","-6.263","-7.615","0"
"1989/07/01","00:00","0.846","0.095","-0.814","-2.815","-2.766","-4.715","-6.214","-7.605","0"
"1989/08/01","00:00","0.994","0.026","-0.686","-2.644","-2.615","-4.534","-5.715","-7.014","0"
"1989/09/01","00:00","1.096","-0.056","-0.594","-2.533","-2.503","-4.403","-5.374","-6.175","0"
"1989/10/01","00:00","1.165","-0.115","-0.676","-2.625","-2.566","-4.455","-5.653","-7.136","0"
"1989/11/01","00:00","1.404","0.046","-0.696","-2.664","-2.605","-4.514","-5.984","-7.703","0"
"1989/12/01","00:00","1.476","0.144","-0.705","-2.684","-2.625","-4.544","-6.135","-7.713","0"
"1990/01/01","00:00","1.496","0.095","-0.745","-2.785","-2.756","-4.764","-6.125","-7.605","0"
"1990/02/01","00:00","0.646","-0.266","-1.033","-3.025","-2.995","-4.964","-6.063","-8.064","0"
"1990/03/01","00:00","0.745","-0.443","-1.096","-3.074","-3.025","-4.954","-6.073","-6.755","0"
"1990/04/01","00:00","0.925","-0.325","-0.906","-2.894","-2.835","-4.764","-6.033","-7.756","0"
"1990/05/01","00:00","1.076","-0.266","-0.935","-2.933","-2.874","-4.813","-6.214","-8.084","0"
"1990/06/01","00:00","1.667","-0.095","-0.945","-2.913","-2.874","-4.803","-6.184","-7.756","0"
"1990/07/01","00:00","NaN","0.144","-0.735","-2.674","-2.644","-4.554","-5.876","NaN","11"
"1990/08/01","00:00","0.925","0.115","-0.614","-2.585","-2.546","-4.465","-5.633","-6.854","0"
"1990/09/01","00:00","0.515","-0.003","-0.554","-2.484","-2.444","-4.344","-5.384","-6.175","0"
"1990/10/01","00:00","1.365","-0.046","-0.545","-2.546","-2.493","-4.446","-5.495","-6.493","0"
"1990/11/01","00:00","1.257","0.046","-0.686","-2.713","-2.654","-4.626","-6.024","-7.484","0"
"1990/12/01","00:00","1.345","0.256","-0.633","-2.713","-2.664","-4.685","-6.273","-8.196","0"
"1991/01/01","00:00","1.437","0.276","-0.604","-2.694","-2.644","-4.695","-6.106","-7.776","0"
"1991/02/01","00:00","1.266","0.095","-0.643","-2.615","-2.575","-4.514","-5.564","-6.785","0"
"1991/03/01","00:00","1.007","-0.075","-0.633","-2.625","-2.605","-4.583","-5.505","-6.194","0"
"1991/04/01","00:00","0.525","-0.705","-1.273","-3.225","-3.186","-5.105","-6.273","-7.224","0"
"1991/05/01","00:00","0.856","-0.364","-1.115","-3.074","-3.015","-4.925","-6.335","-7.743","0"
"1991/06/01","00:00","1.404","-0.046","-0.906","-2.874","-2.825","-4.754","-6.224","-7.874","0"
"1991/07/01","00:00","1.467","0.164","-0.633","-2.615","-2.575","-4.524","-5.804","-7.585","0"
"1991/08/01","00:00","1.345","0.135","-0.633","-2.615","-2.595","-4.544","-5.574","-7.044","0"
"1991/09/01","00:00","0.856","0.285","-0.335","-2.323","-2.293","-4.255","-5.285","-6.365","0"
"1991/10/01","00:00","1.106","0.056","-0.443","-2.444","-2.395","-4.344","-5.545","-6.864","0"
"1991/11/01","00:00","1.086","0.075","-0.643","-2.684","-2.644","-4.636","-5.925","-7.434","0"
"1991/12/01","00:00","1.486","0.486","-0.413","-2.444","-2.395","-4.383","-5.814","-7.625","0"
"1992/01/01","00:00","1.677","0.456","-0.384","-2.395","-2.375","-4.364","-5.686","-7.274","0"
"1992/02/01","00:00","1.555","0.607","-0.125","-2.093","-2.064","-4.016","-5.056","-6.716","0"
"1992/03/01","00:00","1.394","0.335","-0.164","-2.113","-2.093","-4.026","-4.925","-5.955","0"
"1992/04/01","00:00","0.807","-0.194","-0.745","-2.654","-2.615","-4.485","-5.515","-6.873","11"
"1992/05/01","00:00","1.016","0.066","-0.664","-2.655","-2.594","-4.534","-5.865","-6.814","0"
"1992/06/01","00:00","1.446","0.226","-0.615","-2.624","-2.594","-4.574","-5.974","-7.175","0"
"1992/07/01","00:00","1.446","0.345","-0.474","-2.544","-2.514","-4.544","-5.874","-7.324","0"
"1992/08/01","00:00","0.925","0.226","-0.466","-2.493","-2.484","-4.505","-5.413","-6.575","0"
"1992/09/01","00:00","1.194","0.164","-0.364","-2.365","-2.336","-4.304","-5.213","-5.823","0"
"1992/10/01","00:00","1.745","0.177","-0.305","-2.293","-2.244","-4.193","-5.305","-6.516","0"
"1992/11/01","00:00","1.316","0.056","-0.564","-2.566","-2.513","-4.465","-5.764","-6.975","0"
"1992/12/01","00:00","1.736","0.407","-0.404","-2.385","-2.346","-4.285","-5.554","-7.175","0"
"1993/01/01","00:00","1.926","0.584","-0.223","-2.185","-2.156","-4.094","-5.276","-6.614","0"
"1993/02/01","00:00","1.785","0.617","-0.154","-2.185","-2.165","-4.183","-5.213","-6.565","0"
"1993/03/01","00:00","0.755","-0.115","-0.715","-2.684","-2.654","-4.593","-5.633","-7.113","0"
"1993/04/01","00:00","0.866","-0.476","-1.033","-3.054","-3.015","-5.003","-6.165","-7.175","0"
"1993/05/01","00:00","0.876","0.036","-0.666","-2.694","-2.654","-4.646","-5.843","-7.674","0"
"1993/06/01","00:00","1.125","0.164","-0.705","-2.733","-2.703","-4.705","-6.033","-7.146","0"
"1993/07/01","00:00","1.066","0.374","-0.476","-2.513","-2.484","-4.485","-5.755","-6.985","0"
"1993/08/01","00:00","0.774","0.207","-0.476","-2.484","-2.484","-4.495","-5.495","-6.585","0"
"1993/09/01","00:00","0.846","-0.033","-0.505","-2.474","-2.464","-4.426","-5.174","-6.063","0"
"1993/10/01","00:00","1.975","0.046","-0.433","-2.415","-2.415","-4.383","-5.325","-6.506","0"
"1993/11/01","00:00","1.335","0.154","-0.535","-2.533","-2.493","-4.455","-5.725","-7.556","0"
"1993/12/01","00:00","2.165","0.285","-0.535","-2.585","-2.546","-4.554","-5.955","-7.356","0"
"1994/01/01","00:00","1.037","0.217","-0.545","-2.595","-2.575","-4.603","-5.764","-7.215","0"
"1994/02/01","00:00","1.437","0.115","-0.594","-2.585","-2.575","-4.564","-5.443","-6.535","0"
"1994/03/01","00:00","0.827","-0.194","-0.764","-2.805","-2.785","-4.813","-5.653","-6.903","0"
"1994/04/01","00:00","1.027","-0.545","-1.053","-3.084","-3.054","-5.056","-6.135","-7.556","0"
"1994/05/01","00:00","1.217","-0.289","-0.938","-2.972","-2.927","-4.915","-6.158","-7.805","0"
"1994/06/01","00:00","1.096","-0.141","-0.945","-2.949","-2.915","-4.885","-6.119","-7.785","0"
"1994/07/01","00:00","1.106","0.115","-0.689","-2.635","-2.613","-4.537","-5.633","-7.054","0"
"1994/08/01","00:00","0.817","-0.046","-0.725","-2.667","-2.646","-4.567","-5.509","-6.306","0"
"1994/09/01","00:00","0.374","-0.144","-0.61","-2.589","-2.569","-4.528","-5.354","-6.043","0"
"1994/10/01","00:00","1.047","-0.164","-0.571","-2.585","-2.557","-4.544","-5.463","-6.424","0"
"1994/11/01","00:00","1.604","0.013","-0.659","-2.707","-2.674","-4.688","-5.879","-7.405","0"
"1994/12/01","00:00","2.116","0.384","-0.463","-2.549","-2.498","-4.534","-5.896","-7.244","0"
"1995/01/01","00:00","1.765","0.925","0.089","-1.998","-1.983","-4.055","-5.322","-7.224","0"
"1995/02/01","00:00","0.896","0.223","-0.436","-2.425","-2.416","-4.396","-5.325","-6.624","0"
"1995/03/01","00:00","1.086","0.164","-0.292","-2.283","-2.285","-4.278","-4.993","-6.125","0"
"1995/04/01","00:00","0.466","-0.509","-1.014","-3.022","-2.999","-4.984","-5.935","-7.303","0"
"1995/05/01","00:00","1.355","-0.151","-0.83","-2.841","-2.803","-4.777","-5.991","-7.365","0"
"1995/06/01","00:00","1.135","-0.062","-0.853","-2.871","-2.836","-4.82","-6.073","-7.933","0"
"1995/07/01","00:00","1.335","0.164","-0.587","-2.608","-2.585","-4.583","-5.719","-7.484","0"
"1995/08/01","00:00","1.355","0.164","-0.499","-2.497","-2.487","-4.475","-5.315","-6.814","0"
"1995/09/01","00:00","0.584","-0.043","-0.535","-2.539","-2.525","-4.514","-5.318","-6.404","0"
"1995/10/01","00:00","0.607","-0.131","-0.554","-2.582","-2.546","-4.537","-5.518","-6.893","0"
"1995/11/01","00:00","1.125","-0.118","-0.696","-2.769","-2.73","-4.764","-5.896","-7.493","0"
"1995/12/01","00:00","1.575","0.259","-0.535","-2.598","-2.567","-4.6","-5.827","-7.523","0"
"1996/01/01","00:00","1.181","0.046","-0.755","-2.749","-2.731","-4.708","-5.863","-7.674","0"
"1996/02/01","00:00","1.437","0.292","-0.328","-2.326","-2.31","-4.291","-5.21","-6.411","0"
"1996/03/01","00:00","0.535","-0.299","-0.719","-2.677","-2.662","-4.606","-5.381","-6.198","0"
"1996/04/01","00:00","0.453","-0.62","-1.037","-3.015","-2.987","-4.938","-5.81","-6.604","0"
"1996/05/01","00:00","0.902","-0.285","-0.919","-2.923","-2.889","-4.859","-5.968","-7.119","0"
"1996/06/01","00:00","0.938","-0.141","-0.912","-2.943","-2.91","-4.908","-6.161","-7.454","0"
"1996/07/01","00:00","1.381","0.207","-0.561","-2.638","-2.626","-4.692","-5.866","-7.405","0"
"1996/08/01","00:00","0.784","0.026","-0.571","-2.635","-2.62","-4.669","-5.541","-6.913","0"
"1996/09/01","00:00","0.636","-0.007","-0.44","-2.467","-2.456","-4.472","-5.203","-5.82","0"
"1996/10/01","00:00","0.666","-0.272","-0.669","-2.661","-2.635","-4.6","-5.545","-6.631","0"
"1996/11/01","00:00","1.079","-0.223","-0.787","-2.789","-2.753","-4.718","-5.873","-7.051","0"
"1996/12/01","00:00","1.729","0.276","-0.446","-2.454","-2.413","-4.38","-5.663","-7.238","0"
"1997/01/01","00:00","1.263","0.433","-0.322","-2.326","-2.295","-4.268","-5.384","-7.503","0"
"1997/02/01","00:00","1.138","-0.203","-0.922","-2.93","-2.935","-4.948","-5.886","-7.329","0"
"1997/03/01","00:00","0.243","-0.446","-0.902","-2.9","-2.874","-4.846","-5.676","-6.978","0"
"1997/04/01","00:00","0.217","-0.699","-1.142","-3.153","-3.125","-5.108","-6.106","-6.995","0"
"1997/05/01","00:00","0.61","-0.223","-0.801","-2.822","-2.792","-4.783","-5.886","-7.054","0"
"1997/06/01","00:00","1.129","0.164","-0.594","-2.638","-2.61","-4.626","-5.827","-7.28","0"
"1997/07/01","00:00","1.243","0.299","-0.482","-2.516","-2.489","-4.495","-5.676","-6.824","0"
"1997/08/01","00:00","1.404","0.341","-0.308","-2.32","-2.305","-4.301","-5.279","-6.414","0"
"1997/09/01","00:00","0.899","0.059","-0.344","-2.316","-2.308","-4.272","-5","-6.227","0"
"1997/10/01","00:00","1.358","0.135","-0.23","-2.215","-2.188","-4.147","-4.918","-6.106","0"
"1997/11/01","00:00","2.031","0.696","0.121","-1.886","-1.85","-3.822","-4.951","-6.257","0"
"1997/12/01","00:00","1.988","0.801","0.033","-1.995","-1.96","-3.953","-5.233","-6.44","0"
"1998/01/01","00:00","1.814","0.86","0.118","-1.932","-1.905","-3.927","-5.121","-6.178","0"
"1998/02/01","00:00","2.776","0.781","0.085","-1.896","-1.895","-3.875","-4.816","-7.116","0"
"1998/03/01","00:00","0.797","-0.049","-0.509","-2.552","-2.541","-4.573","-5.331","-6.375","0"
"1998/04/01","00:00","0.761","-0.361","-0.81","-2.838","-2.808","-4.806","-5.774","-7.067","0"
"1998/05/01","00:00","1.109","-0.167","-0.732","-2.736","-2.69","-4.649","-5.814","-7.287","0"
"1998/06/01","00:00","1.191","0.075","-0.623","-2.631","-2.598","-4.573","-5.801","-7.093","0"
"1998/07/01","00:00","1.037","0.046","-0.689","-2.618","-2.603","-4.518","-5.571","-6.765","0"
"1998/08/01","00:00","0.863","0.075","-0.568","-2.474","-2.459","-4.35","-5.269","-6.473","0"
"1998/09/01","00:00","0.876","-0.003","-0.433","-2.392","-2.365","-4.298","-5.138","-5.919","0"
"1998/10/01","00:00","0.81","-0.417","-0.748","-2.736","-2.712","-4.675","-5.564","-6.457","0"
"1998/11/01","00:00","1.611","-0.046","-0.643","-2.697","-2.659","-4.675","-5.771","-7.503","0"
"1998/12/01","00:00","1.444","-0.131","-0.919","-2.995","-2.977","-5.036","-6.368","-7.674","0"
"1999/01/01","00:00","1.129","0.079","-0.735","-2.795","-2.751","-4.767","-6.076","-7.782","0"
"1999/02/01","00:00","0.371","-0.203","-0.886","-2.884","-2.864","-4.843","-5.869","-7.48","0"
"1999/03/01","00:00","0.577","-0.374","-0.804","-2.828","-2.817","-4.829","-5.669","-6.772","0"
"1999/04/01","00:00","0.538","-0.696","-1.115","-3.11","-3.084","-5.052","-5.945","-7.146","0"
"1999/05/01","00:00","0.676","-0.479","-1.122","-3.114","-3.074","-5.026","-6.217","-7.828","0"
"1999/06/01","00:00","0.994","-0.148","-0.896","-2.9","-2.854","-4.813","-6.148","-7.897","0"
"1999/07/01","00:00","1.48","0.046","-0.719","-2.726","-2.689","-4.659","-5.951","-7.267","0"
"1999/08/01","00:00","1.089","-0.131","-0.761","-2.749","-2.726","-4.692","-5.663","-6.998","0"
"1999/09/01","00:00","0.781","-0.115","-0.61","-2.602","-2.575","-4.541","-5.387","-6.135","0"
"1999/10/01","00:00","0.833","-0.354","-0.745","-2.749","-2.707","-4.669","-5.692","-6.962","0"
"1999/11/01","00:00","0.801","-0.203","-0.725","-2.769","-2.721","-4.718","-5.925","-8.104","0"
"1999/12/01","00:00","1.27","-0.243","-0.991","-3.022","-2.977","-4.964","-6.237","-8.117","0"
"2000/01/01","00:00","1.503","-0.026","-0.843","-2.831","-2.805","-4.767","-6.06","-7.569","0"
"2000/02/01","00:00","1.46","0.282","-0.41","-2.418","-2.384","-4.357","-5.436","-7.162","0"
"2000/03/01","00:00","0.095","-0.538","-1.017","-2.949","-2.925","-4.833","-5.778","-7.142","0"
"2000/04/01","00:00","0.656","-0.643","-1.024","-2.992","-2.954","-4.885","-5.886","-6.555","0"
"2000/05/01","00:00","0.472","-0.413","-1.01","-2.999","-2.956","-4.902","-6.047","-7.221","0"
"2000/06/01","00:00","1.227","0.115","-0.653","-2.674","-2.625","-4.596","-5.942","-7.579","0"
"2000/07/01","00:00","1.552","0.19","-0.636","-2.71","-2.685","-4.734","-6.086","-7.582","0"
"2000/08/01","00:00","1.375","0.059","-0.597","-2.648","-2.623","-4.649","-5.761","-7.215","0"
"2000/09/01","00:00","0.571","-0.079","-0.522","-2.507","-2.485","-4.449","-5.272","-6.066","0"
"2000/10/01","00:00","0.833","-0.164","-0.568","-2.536","-2.498","-4.429","-5.456","-6.198","0"
"2000/11/01","00:00","0.719","-0.249","-0.82","-2.805","-2.748","-4.675","-5.965","-7.103","0"
"2000/12/01","00:00","1.112","-0.092","-0.804","-2.802","-2.744","-4.685","-6.119","-7.733","0"
"2001/01/01","00:00","NaN","0.033","-0.732","-2.779","-2.713","-4.695","-5.945","NaN","13"
"2001/02/01","00:00","0.876","0","-0.696","-2.753","-2.72","-4.744","-5.876","-8.179","0"
"2001/03/01","00:00","1.056","-0.262","-0.791","-2.785","-2.751","-4.711","-5.689","-7.024","0"
"2001/04/01","00:00","0.115","-0.653","-1.145","-3.179","-3.13","-5.115","-6.289","-6.801","0"
"2001/05/01","00:00","0.715","-0.24","-0.823","-2.848","-2.794","-4.764","-6.05","-7.175","0"
"2001/06/01","00:00","1.089","-0.039","-0.837","-2.861","-2.817","-4.797","-6.122","-7.503","0"
"2001/07/01","00:00","1.28","0.21","-0.643","-2.641","-2.602","-4.56","-5.909","-7.507","0"
"2001/08/01","00:00","1.132","0.003","-0.719","-2.7","-2.664","-4.61","-5.83","-7.346","0"
"2001/09/01","00:00","0.735","-0.066","-0.564","-2.523","-2.498","-4.432","-5.42","-6.677","0"
"2001/10/01","00:00","0.81","-0.223","-0.646","-2.608","-2.575","-4.505","-5.486","-6.253","0"
"2001/11/01","00:00","1.188","0.118","-0.518","-2.523","-2.469","-4.419","-5.702","-6.663","0"
"2001/12/01","00:00","1.69","0.213","-0.61","-2.667","-2.615","-4.619","-6.129","-7.651","0"
"2002/01/01","00:00","1.421","0.144","-0.702","-2.759","-2.725","-4.747","-6.191","-7.648","0"
"2002/02/01","00:00","1.05","-0.095","-0.827","-2.799","-2.774","-4.721","-5.869","-7.11","0"
"2002/03/01","00:00","0.673","-0.279","-0.814","-2.871","-2.843","-4.872","-5.797","-6.765","0"
"2002/04/01","00:00","0.696","-0.469","-0.978","-2.972","-2.928","-4.879","-6.007","-7.182","0"
"2002/05/01","00:00","0.958","-0.39","-1.037","-3.028","-2.961","-4.885","-6.26","-7.297","0"
"2002/06/01","00:00","0.899","-0.138","-0.909","-2.884","-2.828","-4.747","-6.181","-7.297","0"
"2002/07/01","00:00","1.165","0.128","-0.636","-2.559","-2.521","-4.406","-5.709","-7.018","0"
"2002/08/01","00:00","1.056","0.157","-0.636","-2.52","-2.495","-4.354","-5.459","-6.978","0"
"2002/09/01","00:00","0.778","0.089","-0.463","-2.405","-2.37","-4.278","-5.325","-6.673","0"
"2002/10/01","00:00","1.04","-0.141","-0.522","-2.51","-2.449","-4.377","-5.499","-6.181","0"
"2002/11/01","00:00","1.742","0.22","-0.358","-2.402","-2.346","-4.334","-5.581","-7.034","0"
"2002/12/01","00:00","1.768","0.719","-0.128","-2.123","-2.121","-4.114","-5.604","-7.379","0"
"2003/01/01","00:00","1.486","0.436","-0.449","-2.464","-2.403","-4.357","-5.85","-7.119","0"
"2003/02/01","00:00","1.102","0.203","-0.531","-2.49","-2.452","-4.373","-5.636","-7.146","0"
"2003/03/01","00:00","0.512","-0.548","-1.056","-3.018","-2.984","-4.911","-6.02","-6.932","0"
"2003/04/01","00:00","0.761","-0.42","-0.896","-2.854","-2.812","-4.728","-5.801","-7.28","0"
"2003/05/01","00:00","0.879","-0.295","-0.991","-2.966","-2.907","-4.823","-6.188","-8.114","0"
"2003/06/01","00:00","1.234","0.062","-0.768","-2.753","-2.685","-4.603","-6.129","-7.959","0"
"2003/07/01","00:00","1.132","0.18","-0.686","-2.667","-2.616","-4.547","-6.043","-7.661","0"
"2003/08/01","00:00","1.02","0.226","-0.479","-2.444","-2.408","-4.337","-5.505","-7.028","0"
"2003/09/01","00:00","0.62","0.115","-0.463","-2.434","-2.402","-4.341","-5.367","-6.404","0"
"2003/10/01","00:00","1.355","-0.02","-0.512","-2.493","-2.426","-4.341","-5.574","-6.69","0"
"2003/11/01","00:00","1.509","0.026","-0.594","-2.582","-2.515","-4.436","-5.846","-7.723","0"
"2003/12/01","00:00","2.516","0.427","-0.354","-2.336","-2.272","-4.19","-5.646","-7.215","0"
"2004/01/01","00:00","1.493","0.384","-0.509","-2.438","-2.4","-4.291","-5.709","-7.562","0"
"2004/02/01","00:00","1.398","0.154","-0.614","-2.556","-2.515","-4.416","-5.696","-7.28","0"
"2004/03/01","00:00","0.436","-0.24","-0.801","-2.72","-2.671","-4.541","-5.699","-6.736","0"
"2004/04/01","00:00","0.361","-0.518","-1.001","-2.953","-2.895","-4.79","-6.007","-6.965","0"
"2004/05/01","00:00","1.168","-0.223","-0.896","-2.884","-2.82","-4.744","-6.06","-7.313","0"
"2004/06/01","00:00","1.407","0.102","-0.764","-2.766","-2.702","-4.639","-6.178","-7.999","0"
"2004/07/01","00:00","1.696","0.364","-0.548","-2.589","-2.536","-4.524","-6.079","-7.861","0"
"2004/08/01","00:00","1.404","0.23","-0.512","-2.523","-2.498","-4.485","-5.715","-7.382","0"
"2004/09/01","00:00","0.525","0.125","-0.404","-2.362","-2.323","-4.242","-5.236","-6.309","0"
"2004/10/01","00:00","1.224","0.016","-0.469","-2.421","-2.365","-4.262","-5.476","-6.096","0"
"2004/11/01","00:00","1.312","0.115","-0.538","-2.497","-2.421","-4.304","-5.768","-7.136","0"
"2004/12/01","00:00","2.054","0.453","-0.338","-2.316","-2.239","-4.14","-5.751","-7.651","0"
"2005/01/01","00:00","2.575","0.604","-0.213","-2.159","-2.119","-4.026","-5.427","-7.3","0"
"2005/02/01","00:00","1.325","0.476","-0.276","-2.254","-2.224","-4.173","-5.381","-7.546","0"
"2005/03/01","00:00","0.712","0.043","-0.545","-2.503","-2.454","-4.364","-5.479","-6.906","0"
"2005/04/01","00:00","0.896","-0.282","-0.883","-2.854","-2.795","-4.708","-6.02","-6.621","0"
"2005/05/01","00:00","1.138","-0.023","-0.696","-2.684","-2.621","-4.547","-6.004","-7.428","0"
"2005/06/01","00:00","1.234","0.075","-0.81","-2.795","-2.735","-4.659","-6.115","-7.789","0"
"2005/07/01","00:00","1.788","0.397","-0.531","-2.484","-2.436","-4.341","-5.797","-7.503","0"
"2005/08/01","00:00","1.522","0.295","-0.482","-2.431","-2.385","-4.288","-5.597","-7.093","0"
"2005/09/01","00:00","0.633","-0.007","-0.571","-2.497","-2.459","-4.347","-5.443","-6.654","0"
"2005/10/01","00:00","1.001","-0.157","-0.653","-2.602","-2.551","-4.449","-5.561","-6.575","0"
"2005/11/01","00:00","0.823","0","-0.732","-2.69","-2.623","-4.514","-5.935","-6.88","0"
"2005/12/01","00:00","2.352","0.43","-0.489","-2.49","-2.425","-4.36","-6.004","-7.848","0"
"2006/01/01","00:00","2.428","0.39","-0.568","-2.592","-2.539","-4.511","-6.073","-7.644","0"
"2006/02/01","00:00","1.88","0.069","-0.692","-2.661","-2.615","-4.537","-5.719","-7.083","0"
"2006/03/01","00:00","1.234","0.046","-0.525","-2.566","-2.541","-4.557","-5.541","-6.644","0"
"2006/04/01","00:00","1.148","0.21","-0.394","-2.369","-2.313","-4.232","-5.489","-6.946","0"
"2006/05/01","00:00","0.951","0.056","-0.686","-2.674","-2.592","-4.498","-6.014","-7.451","0"
"2006/06/01","00:00","1.132","0.098","-0.764","-2.707","-2.644","-4.524","-6.04","-7.192","0"
"2006/07/01","00:00","1.316","0.276","-0.571","-2.484","-2.438","-4.304","-5.673","-7.346","0"
"2006/08/01","00:00","1.358","0.322","-0.482","-2.362","-2.333","-4.186","-5.325","-6.929","0"
"2006/09/01","00:00","0.879","0.184","-0.453","-2.392","-2.349","-4.245","-5.358","-6.631","0"
"2006/10/01","00:00","1.437","0.121","-0.384","-2.362","-2.302","-4.219","-5.456","-6.273","0"
"2006/11/01","00:00","1.302","0.085","-0.577","-2.592","-2.528","-4.478","-5.837","-7.178","0"
"2006/12/01","00:00","1.342","0.308","-0.617","-2.621","-2.574","-4.531","-6.053","-7.356","0"
"2007/01/01","00:00","1.207","0.131","-0.781","-2.776","-2.71","-4.639","-6.191","-7.448","0"
"2007/02/01","00:00","0.827","-0.072","-0.801","-2.772","-2.762","-4.724","-5.965","-7.598","0"
"2007/03/01","00:00","0.6","-0.558","-1.093","-3.081","-3.043","-4.993","-6.03","-6.886","0"
"2007/04/01","00:00","1.033","-0.584","-1.099","-3.091","-3.053","-5.007","-6.053","-7.559","0"
"2007/05/01","00:00","0.958","-0.253","-1.027","-2.979","-2.912","-4.797","-6.224","-7.999","0"
"2007/06/01","00:00","1.512","-0.01","-0.915","-2.867","-2.822","-4.728","-6.23","-7.415","0"
"2007/07/01","00:00","1.181","0.217","-0.679","-2.651","-2.603","-4.528","-6.02","-7.254","0"
"2007/08/01","00:00","0.919","0.141","-0.574","-2.539","-2.51","-4.446","-5.581","-6.781","0"
"2007/09/01","00:00","1.224","0.079","-0.518","-2.507","-2.48","-4.442","-5.456","-6.273","0"
"2007/10/01","00:00","1.227","-0.128","-0.705","-2.69","-2.628","-4.551","-5.863","-7.467","0"
"2007/11/01","00:00","1.562","-0.066","-0.745","-2.736","-2.666","-4.587","-6.073","-7.795","0"
"2007/12/01","00:00","1.155","-0.003","-0.85","-2.841","-2.772","-4.695","-6.184","-8.366","0"
"2008/01/01","00:00","1.732","0.358","-0.541","-2.47","-2.429","-4.318","-5.679","-7.356","0"
"2008/02/01","00:00","0.883","0.013","-0.745","-2.72","-2.685","-4.626","-5.804","-7.178","0"
"2008/03/01","00:00","0.026","-0.653","-1.26","-3.176","-3.143","-5.026","-6.135","-6.962","0"
"2008/04/01","00:00","0.541","-0.636","-1.191","-3.143","-3.087","-4.984","-6.23","-7.313","0"
"2008/05/01","00:00","1.119","-0.197","-0.935","-2.897","-2.84","-4.744","-6.076","-7.92","0"
"2008/06/01","00:00","1.417","0.112","-0.804","-2.795","-2.733","-4.662","-6.188","-8.048","0"
"2008/07/01","00:00","1.581","0.486","-0.443","-2.457","-2.411","-4.38","-5.86","-7.602","0"
"2008/08/01","00:00","1.388","0.374","-0.364","-2.362","-2.338","-4.311","-5.456","-7.047","0"
"2008/09/01","00:00","0.738","0.167","-0.335","-2.283","-2.257","-4.18","-5.105","-5.801","0"
"2008/10/01","00:00","0.928","-0.207","-0.725","-2.667","-2.618","-4.511","-5.692","-6.745","0"
"2008/11/01","00:00","1.155","0.026","-0.679","-2.648","-2.577","-4.475","-5.938","-7.697","0"
"2009/02/01","00:00","1.516","0.207","-0.568","-2.556","-2.523","-4.478","-5.571","-7.244","0"
"2009/03/01","00:00","0.495","-0.331","-0.974","-2.93","-2.897","-4.82","-5.919","-6.916","0"
"2009/04/01","00:00","0.472","-0.561","-1.155","-3.173","-3.104","-5.052","-6.371","-7.438","0"
"2009/05/01","00:00","1.207","-0.167","-0.892","-2.881","-2.825","-4.757","-6.184","-7.674","0"
"2009/06/01","00:00","1.683","0.305","-0.591","-2.572","-2.525","-4.459","-5.856","-7.52","0"
"2009/07/01","00:00","1.424","0.253","-0.669","-2.618","-2.58","-4.491","-5.833","-7.612","0"
"2009/08/01","00:00","1.362","0.203","-0.568","-2.5","-2.467","-4.367","-5.535","-6.703","0"
"2009/09/01","00:00","0.738","-0.02","-0.571","-2.513","-2.484","-4.396","-5.377","-6.325","0"
"2009/10/01","00:00","1.122","-0.016","-0.509","-2.448","-2.413","-4.318","-5.381","-6.06","0"
"2009/11/01","00:00","1.211","0.013","-0.709","-2.69","-2.639","-4.57","-5.997","-7.1","0"
"2009/12/01","00:00","1.568","0.604","-0.295","-2.31","-2.236","-4.177","-5.768","-7.31","0"
"2010/01/01","00:00","1.745","0.82","-0.046","-2.1","-2.067","-4.088","-5.509","-7.536","0"
"2010/02/01","00:00","1.896","0.486","-0.282","-2.254","-2.224","-4.167","-5.302","-6.421","0"
"2010/03/01","00:00","1.148","-0.18","-0.771","-2.802","-2.79","-4.81","-5.787","-6.821","0"
"2010/04/01","00:00","0.991","-0.052","-0.699","-2.684","-2.639","-4.58","-5.741","-7.467","0"
"2010/05/01","00:00","0.86","-0.354","-1.115","-3.11","-3.056","-4.997","-6.411","-7.32","0"
"2010/06/01","00:00","0.751","-0.105","-0.942","-2.92","-2.872","-4.803","-6.207","-7.546","0"
"2010/07/01","00:00","1.306","0.112","-0.702","-2.648","-2.615","-4.528","-5.751","-7.228","0"
"2010/08/01","00:00","1.138","0.105","-0.669","-2.585","-2.564","-4.459","-5.423","-6.932","0"
"2010/09/01","00:00","0.719","-0.03","-0.636","-2.585","-2.556","-4.475","-5.456","-6.352","0"
"2010/10/01","00:00","0.925","-0.108","-0.617","-2.608","-2.559","-4.501","-5.646","-6.942","0"
"2010/11/01","00:00","1.421","0.01","-0.663","-2.703","-2.649","-4.636","-5.915","-7.005","0"
"2010/12/01","00:00","1.801","0.495","-0.397","-2.415","-2.39","-4.383","-5.804","-7.234","0"
"2011/01/01","00:00","1.611","0.285","-0.61","-2.618","-2.595","-4.58","-5.948","-7.431","0"
"2011/02/01","00:00","1.332","0.043","-0.666","-2.661","-2.633","-4.6","-5.633","-6.637","0"
"2011/03/01","00:00","2.234","-0.089","-0.617","-2.592","-2.566","-4.514","-5.436","-6.407","0"
"2011/04/01","00:00","1.257","-0.371","-0.938","-2.897","-2.861","-4.783","-5.801","-7.024","0"
"2011/05/01","00:00","1.946","-0.115","-0.843","-2.812","-2.761","-4.678","-5.978","-7.182","0"
"2011/06/01","00:00","1.188","0.246","-0.61","-2.592","-2.548","-4.485","-5.876","-7.29","0"
"2011/07/01","00:00","1.096","0.39","-0.446","-2.461","-2.443","-4.439","-5.719","-6.89","0"
"2011/08/01","00:00","0.984","0.167","-0.492","-2.52","-2.502","-4.511","-5.479","-6.276","0"
"2011/09/01","00:00","1.276","0.102","-0.443","-2.444","-2.423","-4.403","-5.266","-6.227","0"
"2011/10/01","00:00","1.529","0.026","-0.499","-2.513","-2.472","-4.446","-5.571","-7.221","0"
"2011/11/01","00:00","1.808","0.066","-0.594","-2.621","-2.569","-4.544","-5.866","-7.736","0"
"2011/12/01","00:00","1.188","0.075","-0.709","-2.723","-2.669","-4.629","-5.968","-7.677","0"
"2012/01/01","00:00","1.243","0.105","-0.738","-2.687","-2.664","-4.59","-5.774","-7.087","0"
"2012/02/01","00:00","1.266","-0.089","-0.837","-2.835","-2.81","-4.783","-5.768","-7.028","0"
"2012/03/01","00:00","0.663","-0.269","-0.83","-2.753","-2.731","-4.633","-5.587","-6.654","0"
"2012/04/01","00:00","1.07","-0.351","-0.837","-2.822","-2.785","-4.734","-5.823","-6.88","0"
"2012/05/01","00:00","1.129","-0.233","-0.889","-2.877","-2.843","-4.797","-5.981","-7.621","0"
"2012/06/01","00:00","1.424","0.207","-0.617","-2.644","-2.61","-4.603","-5.938","-7.943","0"
"2012/07/01","00:00","1.388","0.358","-0.492","-2.539","-2.513","-4.534","-5.794","-7.5","0"
"2012/08/01","00:00","1.115","0.282","-0.39","-2.415","-2.406","-4.423","-5.394","-6.798","0"
"2012/09/01","00:00","0.512","0.007","-0.44","-2.421","-2.402","-4.364","-5.095","-5.915","0"
"2012/10/01","00:00","1.283","0.059","-0.42","-2.392","-2.364","-4.308","-5.299","-6.542","0"
"2012/11/01","00:00","1.552","0.266","-0.394","-2.392","-2.349","-4.304","-5.584","-7.362","0"
"2012/12/01","00:00","1.929","0.486","-0.272","-2.267","-2.231","-4.193","-5.548","-7.152","0"
"2013/01/01","00:00","1.204","0.039","-0.738","-2.753","-2.731","-4.724","-5.896","-7.838","0"
"2013/02/01","00:00","0.869","-0.217","-0.915","-2.9","-2.894","-4.872","-5.781","-7.06","0"
"2013/03/01","00:00","0.587","-0.371","-0.889","-2.89","-2.871","-4.852","-5.686","-6.549","0"
"2013/04/01","00:00","0.673","-0.39","-0.902","-2.927","-2.892","-4.882","-5.955","-7.234","0"
"2013/05/01","00:00","0.945","-0.177","-0.81","-2.861","-2.823","-4.836","-6.06","-7.697","0"
"2013/06/01","00:00","1.46","0.154","-0.646","-2.661","-2.633","-4.619","-5.82","-7.539","0"
"2013/07/01","00:00","1.663","0.348","-0.472","-2.434","-2.415","-4.357","-5.472","-6.969","0"
"2013/08/01","00:00","1.198","0.138","-0.558","-2.503","-2.485","-4.413","-5.371","-6.394","0"
"2013/09/01","00:00","0.63","0","-0.469","-2.428","-2.405","-4.344","-5.164","-5.889","0"
"2013/10/01","00:00","0.725","-0.075","-0.482","-2.454","-2.431","-4.383","-5.253","-5.846","0"
"2013/11/01","00:00","0.863","0.131","-0.505","-2.51","-2.479","-4.452","-5.666","-6.969","0"
"2013/12/01","00:00","1.526","0.272","-0.564","-2.612","-2.559","-4.554","-5.915","-7.461","0"
"2014/01/01","00:00","1.644","0.384","-0.446","-2.516","-2.497","-4.544","-5.781","-7.349","0"
"2014/02/01","00:00","1.824","0.023","-0.646","-2.612","-2.605","-4.567","-5.492","-7.129","0"
"2014/03/01","00:00","1.542","-0.098","-0.541","-2.582","-2.571","-4.6","-5.322","-5.889","0"
"2014/04/01","00:00","0.748","-0.203","-0.686","-2.677","-2.654","-4.623","-5.561","-6.65","0"
"2014/05/01","00:00","0.814","-0.003","-0.676","-2.684","-2.648","-4.619","-5.82","-6.788","0"
"2014/06/01","00:00","1.224","0.269","-0.469","-2.474","-2.434","-4.4","-5.64","-7.205","0"
"2014/07/01","00:00","1.634","0.427","-0.292","-2.274","-2.254","-4.216","-5.325","-6.988","0"
"2014/08/01","00:00","1.257","0.325","-0.318","-2.267","-2.257","-4.196","-5","-6.696","0"
"2014/09/01","00:00","1.142","0.394","-0.102","-2.064","-2.047","-3.996","-4.751","-5.794","0"
"2014/10/01","00:00","1.286","0.358","-0.059","-2.067","-2.031","-4.003","-4.938","-5.866","0"
"2014/11/01","00:00","1.01","0.302","-0.269","-2.316","-2.283","-4.298","-5.4","-6.798","0"
"2014/12/01","00:00","2.136","0.853","0.079","-1.965","-1.941","-3.96","-5.138","-6.913","0"
"2015/01/01","00:00","1.348","0.486","-0.292","-2.306","-2.29","-4.288","-5.459","-6.962","0"
"2015/02/01","00:00","0.971","0.328","-0.299","-2.303","-2.288","-4.278","-5.161","-6.598","0"
"2015/03/01","00:00","0.719","-0.207","-0.591","-2.559","-2.544","-4.498","-5.276","-6.063","0"
"2015/04/01","00:00","1.115","-0.325","-0.725","-2.7","-2.674","-4.623","-5.453","-6.342","0"
"2015/05/01","00:00","1.106","0.079","-0.525","-2.507","-2.472","-4.419","-5.499","-6.759","0"
"2015/06/01","00:00","1.365","0.348","-0.384","-2.372","-2.341","-4.298","-5.522","-6.67","0"
"2015/07/01","00:00","1.348","0.65","-0.112","-2.142","-2.133","-4.154","-5.312","-6.519","0"
"2015/08/01","00:00","1.339","0.4","-0.187","-2.231","-2.211","-4.236","-5.164","-6.257","0"
"2015/09/01","00:00","1.598","0.548","0.115","-1.926","-1.913","-3.94","-4.652","-5.348","0"
"2015/10/01","00:00","1.565","0.446","0.069","-1.962","-1.939","-3.947","-4.882","-6.555","0"
"2015/11/01","00:00","1.824","0.276","-0.299","-2.343","-2.3","-4.301","-5.476","-6.64","0"
"2015/12/01","00:00","1.617","0.456","-0.249","-2.247","-2.216","-4.183","-5.449","-7.228","0"
"2016/01/01","00:00","1.499","0.486","-0.253","-2.244","-2.215","-4.177","-5.289","-6.529","0"
"2016/02/01","00:00","1.201","0.135","-0.551","-2.51","-2.52","-4.488","-5.377","-6.463","0"
"2016/03/01","00:00","0.991","-0.121","-0.515","-2.467","-2.438","-4.36","-5.164","-6.207","0"
"2016/04/01","00:00","1.047","-0.482","-0.883","-2.877","-2.846","-4.81","-5.781","-6.342","0"
"2016/05/01","00:00","1.322","-0.108","-0.65","-2.664","-2.633","-4.616","-5.705","-7.018","0"
"2016/06/01","00:00","1.44","0.138","-0.607","-2.628","-2.605","-4.603","-5.804","-7.024","0"
"2016/07/01","00:00","1.414","0.295","-0.492","-2.523","-2.503","-4.514","-5.719","-6.88","0"
"2016/08/01","00:00","1.247","0.348","-0.302","-2.329","-2.324","-4.347","-5.335","-6.325","0"
"2016/09/01","00:00","0.902","0.039","-0.367","-2.352","-2.338","-4.308","-5.033","-5.764","0"
"2016/10/01","00:00","1.352","0.033","-0.344","-2.333","-2.311","-4.278","-5.095","-6.558","0"
"2016/11/01","00:00","1.545","0.236","-0.308","-2.343","-2.3","-4.291","-5.44","-7.188","0"
"2016/12/01","00:00","2.116","0.328","-0.433","-2.457","-2.421","-4.409","-5.728","-7.228","0"
"2017/01/01","00:00","2.031","0.751","0","-2.051","-2.036","-4.072","-5.256","-6.703","0"
"2017/02/01","00:00","1.923","0.65","-0.003","-1.998","-1.983","-3.963","-4.934","-6.467","0"
"2017/03/01","00:00","0.587","-0.105","-0.568","-2.585","-2.569","-4.57","-5.315","-6.368","0"
"2017/04/01","00:00","0.774","-0.203","-0.636","-2.667","-2.631","-4.626","-5.617","-7.238","0"
"2017/05/01","00:00","1.64","-0.072","-0.63","-2.684","-2.633","-4.636","-5.856","-7.349","0"
"2017/06/01","00:00","1.824","0.167","-0.545","-2.569","-2.536","-4.528","-5.771","-7.211","0"
"2017/07/01","00:00","1.614","0.295","-0.489","-2.464","-2.441","-4.393","-5.499","-7.044","0"
"2017/08/01","00:00","1.381","0.299","-0.358","-2.29","-2.274","-4.19","-5.157","-6.345","0"
"2017/09/01","00:00","0.623","0.151","-0.285","-2.244","-2.221","-4.157","-4.987","-5.807","0"
"2017/10/01","00:00","0.584","-0.203","-0.512","-2.48","-2.449","-4.386","-5.269","-5.951","0"
"2017/11/01","00:00","1.175","0.167","-0.367","-2.388","-2.349","-4.331","-5.436","-6.788","0"
"2017/12/01","00:00","1.552","0.289","-0.479","-2.523","-2.495","-4.511","-5.846","-7.434","0"
"2018/01/01","00:00","1.749","0.427","-0.41","-2.474","-2.423","-4.436","-5.794","-7.323","0"
"2018/02/01","00:00","1.198","-0.043","-0.692","-2.687","-2.659","-4.626","-5.702","-7.159","0"
"2018/03/01","00:00","1.178","-0.026","-0.463","-2.5","-2.484","-4.505","-5.358","-6.952","0"
"2018/04/01","00:00","0.387","-0.387","-0.797","-2.795","-2.769","-4.741","-5.646","-6.585","0"
"2018/05/01","00:00","0.978","-0.052","-0.669","-2.674","-2.63","-4.59","-5.787","-7.008","0"
"2018/06/01","00:00","1.506","0.167","-0.577","-2.575","-2.53","-4.482","-5.801","-7.142","0"
"2018/07/01","00:00","1.785","0.305","-0.459","-2.451","-2.418","-4.377","-5.659","-7.224","0"
"2018/08/01","00:00","1.585","0.266","-0.381","-2.349","-2.331","-4.281","-5.243","-6.972","0"
"2018/09/01","00:00","1.02","0.118","-0.384","-2.346","-2.324","-4.265","-5.092","-6.483","0"
"2018/10/01","00:00","1.119","0.171","-0.236","-2.218","-2.177","-4.117","-5.128","-6.096","0"
"2018/11/01","00:00","1.335","0.328","-0.21","-2.254","-2.198","-4.186","-5.394","-6.627","0"
"2018/12/01","00:00","1.647","0.413","-0.318","-2.356","-2.316","-4.314","-5.574","-7.182","0"
"2019/01/01","00:00","1.762","0.636","-0.18","-2.178","-2.156","-4.131","-5.404","-7.638","0"
"2019/02/01","00:00","1.814","0.476","-0.194","-2.192","-2.16","-4.127","-5.243","-7.385","0"
"2019/03/01","00:00","1.083","0.046","-0.413","-2.362","-2.338","-4.262","-5.24","-6.289","0"
"2019/04/01","00:00","0.764","-0.282","-0.663","-2.618","-2.579","-4.495","-5.479","-6.709","0"
"2019/05/01","00:00","1.293","0.052","-0.538","-2.487","-2.448","-4.357","-5.489","-6.453","0"
"2019/06/01","00:00","1.053","0.292","-0.453","-2.428","-2.385","-4.318","-5.659","-6.909","0"
"2019/07/01","00:00","1.302","0.358","-0.456","-2.467","-2.433","-4.409","-5.778","-7.156","0"
"2019/08/01","00:00","1.532","0.344","-0.354","-2.402","-2.385","-4.416","-5.545","-7.028","0"
"2019/09/01","00:00","0.955","0.148","-0.302","-2.316","-2.297","-4.291","-5.151","-5.978","0"
"2019/10/01","00:00","1.214","-0.069","-0.476","-2.497","-2.459","-4.442","-5.492","-6.539","0"
"2019/11/01","00:00","1.673","0.325","-0.253","-2.257","-2.203","-4.154","-5.453","-6.814","0"
"2019/12/01","00:00","1.844","0.587","-0.131","-2.11","-2.054","-3.976","-5.417","-6.785","0"
"2020/01/01","00:00","1.017","0.141","-0.63","-2.582","-2.546","-4.462","-5.794","-7.362","0"
"2020/02/01","00:00","1.089","0.046","-0.659","-2.625","-2.605","-4.551","-5.646","-7.09","0"
"2020/03/01","00:00","1.063","-0.026","-0.522","-2.467","-2.428","-4.334","-5.315","-6.444","0"